City,Lat,Lng,Max Temp,Humidity,Cloudiness,Wind Speed,Country,Date
laguna,38.421,-121.4238,48.06,39.0,1.0,1.34,US,1629948078.0
vaini,-21.2,-175.2,44.27,64.0,20.0,6.69,TO,1629948078.0
tessalit,20.1986,1.0114,47.52,51.0,9.0,4.29,ML,1629948078.0
khatanga,71.9667,102.5,33.98,73.0,100.0,5.91,RU,1629948078.0
busselton,-33.65,115.3333,40.66,76.0,77.0,10.72,AU,1629948079.0
ambovombe,-25.1667,46.0833,42.37,90.0,3.0,2.98,MG,1629948079.0
pacific grove,36.6177,-121.9166,43.25,86.0,90.0,1.34,US,1629948081.0
avarua,-21.2078,-159.775,43.13,88.0,90.0,1.03,CK,1629947909.0
new norfolk,-42.7826,147.0587,38.08,78.0,99.0,1.34,AU,1629948081.0
dikson,73.5069,80.5464,33.62,83.0,100.0,6.83,RU,1629948082.0
husavik,66.0449,-17.3389,40.31,79.0,49.0,4.92,IS,1629948082.0
ocampo,21.65,-101.5,39.63,82.0,62.0,6.72,MX,1629948082.0
bredasdorp,-34.5322,20.0403,37.34,87.0,28.0,2.06,ZA,1629948082.0
pavilosta,56.8879,21.1859,39.21,93.0,98.0,4.41,LV,1629948084.0
provideniya,64.3833,-173.3,35.92,87.0,90.0,9.0,RU,1629948084.0
rikitea,-23.1203,-134.9692,44.32,63.0,52.0,6.87,PF,1629948084.0
ushuaia,-54.8,-68.3,32.45,64.0,40.0,0.0,AR,1629947888.0
yellowknife,62.456,-114.3525,41.05,63.0,20.0,3.09,CA,1629948000.0
atuona,-9.8,-139.0333,45.93,78.0,23.0,6.95,PF,1629948085.0
strezhevoy,60.7333,77.5889,43.66,57.0,2.0,2.73,RU,1629948085.0
bonavista,48.6499,-53.1147,39.75,86.0,93.0,4.23,CA,1629948086.0
hambantota,6.1241,81.1185,47.73,72.0,23.0,7.35,LK,1629948086.0
port elizabeth,-33.918,25.5701,41.29,82.0,0.0,1.54,ZA,1629948086.0
longyearbyen,78.2186,15.6401,35.84,70.0,75.0,2.57,SJ,1629948087.0
jamestown,42.097,-79.2353,44.67,82.0,1.0,1.34,US,1629948087.0
qaanaaq,77.484,-69.3632,33.59,95.0,100.0,3.89,GL,1629948087.0
luderitz,-26.6481,15.1594,38.44,87.0,0.0,1.73,NA,1629948087.0
lima,-12.0432,-77.0282,40.41,82.0,90.0,4.63,PE,1629947827.0
thompson,55.7435,-97.8558,36.49,81.0,1.0,0.0,CA,1629948088.0
severo-kurilsk,50.6789,156.125,39.57,81.0,84.0,4.32,RU,1629948088.0
georgetown,5.4112,100.3354,48.09,80.0,20.0,0.45,MY,1629948035.0
arraial do cabo,-22.9661,-42.0278,44.28,86.0,0.0,14.0,BR,1629948089.0
lensk,60.7253,114.9278,40.39,85.0,93.0,5.32,RU,1629948089.0
tuktoyaktuk,69.4541,-133.0374,37.0,93.0,90.0,6.17,CA,1629948089.0
ust-maya,60.4167,134.5333,40.91,59.0,100.0,2.45,RU,1629948090.0
cape town,-33.9258,18.4232,39.99,85.0,75.0,3.58,ZA,1629948015.0
berlevag,70.8578,29.0864,35.33,85.0,47.0,4.61,NO,1629948090.0
dabola,10.75,-11.1167,43.54,93.0,100.0,1.02,GN,1629948090.0
nikolskoye,59.7035,30.7861,38.18,79.0,100.0,4.08,RU,1629948091.0
mahebourg,-20.4081,57.7,42.88,94.0,40.0,2.57,MU,1629948092.0
port alfred,-33.5906,26.891,43.09,33.0,36.0,3.89,ZA,1629948092.0
mocuba,-16.8392,36.9856,42.35,91.0,0.0,1.11,MZ,1629948093.0
guangyuan,32.442,105.823,43.73,83.0,100.0,1.78,CN,1629948093.0
punta arenas,-53.15,-70.9167,33.7,81.0,90.0,3.09,CL,1629948093.0
mar del plata,-38.0023,-57.5575,35.89,76.0,0.0,4.12,AR,1629948094.0
puerto ayora,-0.7393,-90.3518,43.28,91.0,89.0,3.58,EC,1629948094.0
nhulunbuy,-12.2333,136.7667,48.3,51.0,20.0,8.75,AU,1629948094.0
semirara,12.0697,121.3986,46.28,88.0,100.0,6.93,PH,1629948095.0
port blair,11.6667,92.75,46.33,84.0,100.0,6.95,IN,1629948095.0
awbari,26.5921,12.7805,46.4,26.0,0.0,3.27,LY,1629948095.0
kieta,-6.2167,155.6333,48.09,72.0,65.0,2.65,PG,1629948095.0
carnarvon,-24.8667,113.6333,44.24,64.0,36.0,6.17,AU,1629948096.0
upernavik,72.7868,-56.1549,34.8,91.0,100.0,8.24,GL,1629948096.0
nanortalik,60.1432,-45.2371,35.95,91.0,100.0,1.86,GL,1629948096.0
yulara,-25.2406,130.9889,42.51,16.0,0.0,3.09,AU,1629948097.0
katsuura,35.1333,140.3,50.37,72.0,100.0,1.35,JP,1629948097.0
hobart,-42.8794,147.3294,38.19,76.0,75.0,0.89,AU,1629948019.0
kapaa,22.0752,-159.319,48.21,67.0,75.0,1.34,US,1629948097.0
micheweni,-4.9667,39.8333,44.76,74.0,2.0,4.87,TZ,1629948098.0
hobyo,5.3505,48.5268,45.96,86.0,54.0,9.24,SO,1629948098.0
porto novo,6.4965,2.6036,46.39,91.0,75.0,2.06,BJ,1629948098.0
qaqortoq,60.7167,-46.0333,36.6,89.0,100.0,1.86,GL,1629948099.0
albany,42.6001,-73.9662,45.28,89.0,53.0,1.39,US,1629948039.0
sisimiut,66.9395,-53.6735,35.1,93.0,100.0,6.9,GL,1629948099.0
kahului,20.8947,-156.47,48.12,48.0,40.0,8.23,US,1629948099.0
fairbanks,64.8378,-147.7164,40.33,88.0,40.0,1.54,US,1629947996.0
narsaq,60.9167,-46.05,36.51,76.0,100.0,0.74,GL,1629948100.0
alugan,12.2188,125.4808,45.93,89.0,100.0,2.79,PH,1629948100.0
san pedro,14.35,121.0167,47.85,78.0,99.0,3.5,PH,1629948100.0
hermanus,-34.4187,19.2345,39.68,80.0,30.0,8.36,ZA,1629948101.0
chabahar,25.2919,60.643,47.17,79.0,3.0,0.6,IR,1629948101.0
coahuayana,18.7333,-103.6833,46.82,89.0,83.0,0.81,MX,1629948102.0
bluff,-46.6,168.3333,36.57,89.0,100.0,7.97,NZ,1629948102.0
russell,32.3502,-85.1999,44.77,91.0,20.0,0.0,US,1629948102.0
ponta do sol,32.6667,-17.1,44.97,75.0,16.0,0.72,PT,1629948103.0
acapulco,16.8634,-99.8901,45.63,91.0,100.0,2.59,MX,1629948103.0
wilmington,34.2257,-77.9447,47.41,88.0,1.0,0.0,US,1629947856.0
artemovsk,49.8406,36.0417,41.55,56.0,40.0,2.86,UA,1629948103.0
east london,-33.0153,27.9116,43.14,34.0,44.0,4.67,ZA,1629948104.0
sandviken,60.6167,16.7667,38.0,97.0,100.0,6.79,SE,1629948104.0
beringovskiy,63.05,179.3167,37.74,84.0,100.0,6.55,RU,1629948104.0
sharjah,25.3573,55.4033,50.42,68.0,0.0,1.54,AE,1629948105.0
bereda,43.2686,-7.5406,41.74,100.0,100.0,0.58,ES,1629948105.0
ulladulla,-35.35,150.4667,40.98,56.0,99.0,4.9,AU,1629948105.0
sao miguel do araguaia,-13.275,-50.1628,47.26,25.0,11.0,1.04,BR,1629948106.0
ponta delgada,37.7333,-25.6667,42.78,72.0,20.0,2.57,PT,1629948106.0
urusha,54.05,122.9,39.39,82.0,100.0,2.62,RU,1629948106.0
tuatapere,-46.1333,167.6833,36.57,89.0,100.0,5.26,NZ,1629948106.0
hamilton,39.1834,-84.5333,46.13,93.0,1.0,1.54,US,1629948015.0
mezhdurechenskiy,59.6,65.9333,43.27,68.0,96.0,1.94,RU,1629948107.0
halifax,44.6453,-63.5724,44.74,85.0,71.0,3.09,CA,1629948001.0
barrow,71.2906,-156.7887,34.78,87.0,90.0,6.17,US,1629948107.0
asfi,32.2994,-9.2372,43.12,84.0,0.0,3.55,MA,1629948108.0
cidreira,-30.1811,-50.2056,40.64,97.0,100.0,5.88,BR,1629948108.0
santa marta,11.2408,-74.199,47.73,90.0,75.0,1.54,CO,1629948108.0
hilo,19.7297,-155.09,46.13,81.0,50.0,0.45,US,1629948109.0
bubaque,11.2833,-15.8333,46.67,82.0,100.0,5.58,GW,1629948109.0
kodiak,57.79,-152.4072,38.42,88.0,100.0,1.04,US,1629948109.0
tonaya,19.7833,-103.9667,45.37,79.0,49.0,0.97,MX,1629948110.0
arman,59.7,150.1667,38.79,96.0,100.0,2.19,RU,1629948110.0
kisangani,0.5167,25.2,43.83,84.0,0.0,1.03,CD,1629948110.0
saint-philippe,-21.3585,55.7679,41.33,75.0,34.0,3.13,RE,1629948111.0
poum,-20.2333,164.0167,45.4,76.0,5.0,9.05,NC,1629948111.0
liverpool,53.4106,-2.9779,41.81,86.0,20.0,1.03,GB,1629947947.0
abu samrah,35.3029,37.1841,45.04,52.0,0.0,2.54,SY,1629948111.0
mataura,-46.1927,168.8643,36.47,73.0,100.0,2.48,NZ,1629948112.0
datong,40.0936,113.2914,43.64,38.0,2.0,4.35,CN,1629948112.0
makakilo city,21.3469,-158.0858,48.21,54.0,20.0,5.66,US,1629948112.0
najran,17.4924,44.1277,45.53,31.0,3.0,1.63,SA,1629948113.0
suba,10.8438,121.0102,46.84,84.0,100.0,9.12,PH,1629948113.0
ovre ardal,61.3167,7.8,36.29,87.0,8.0,2.97,NO,1629948113.0
lebu,-37.6167,-73.65,37.24,85.0,75.0,6.61,CL,1629948114.0
touros,-5.1989,-35.4608,44.5,80.0,33.0,6.83,BR,1629948114.0
necochea,-38.5473,-58.7368,37.03,59.0,92.0,5.91,AR,1629948070.0
virginia beach,36.8529,-75.978,47.13,92.0,1.0,0.0,US,1629947467.0
chivasso,45.1894,7.8872,43.33,67.0,0.0,1.03,IT,1629948114.0
mizan teferi,6.9833,35.5833,41.08,81.0,67.0,1.19,ET,1629948115.0
pevek,69.7008,170.3133,32.47,99.0,100.0,5.64,RU,1629948115.0
saskylakh,71.9167,114.0833,33.94,95.0,100.0,9.68,RU,1629948115.0
honda,5.2086,-74.7358,45.61,92.0,100.0,1.2,CO,1629948116.0
lubao,14.9167,120.55,48.09,65.0,100.0,3.07,PH,1629948116.0
sitka,57.0531,-135.33,40.86,77.0,90.0,1.54,US,1629948116.0
hofn,64.2539,-15.2082,38.73,97.0,75.0,5.89,IS,1629948117.0
san joaquin,37.9333,-121.3011,47.16,41.0,1.0,5.66,US,1629948117.0
namibe,-15.1961,12.1522,41.37,67.0,0.0,4.73,AO,1629948117.0
norman wells,65.282,-126.8329,39.79,88.0,75.0,2.06,CA,1629948117.0
tadine,-21.55,167.8833,45.39,69.0,12.0,6.6,NC,1629948118.0
balkhash,46.844,74.9804,45.52,38.0,0.0,6.0,KZ,1629948118.0
whitehorse,60.7161,-135.0538,39.74,82.0,90.0,2.06,CA,1629947908.0
edd,13.9297,41.6925,49.96,62.0,100.0,0.72,ER,1629948119.0
buchanan,5.8808,-10.0467,45.24,92.0,100.0,0.35,LR,1629948119.0
talakan,50.3167,130.3667,45.07,80.0,100.0,2.81,RU,1629948119.0
savinka,50.0785,47.0994,41.58,45.0,6.0,5.25,RU,1629948119.0
torbay,47.6666,-52.7314,39.89,90.0,90.0,4.12,CA,1629948120.0
slave lake,55.2834,-114.769,41.44,51.0,1.0,3.6,CA,1629948120.0
toro,4.6117,-76.0814,43.88,96.0,100.0,0.6,CO,1629948120.0
ostrovnoy,68.0531,39.5131,35.29,69.0,33.0,2.33,RU,1629948121.0
comodoro rivadavia,-45.8667,-67.5,35.29,65.0,75.0,4.12,AR,1629948121.0
san jose,37.3394,-121.895,44.37,67.0,1.0,1.79,US,1629947336.0
ilo,-17.6394,-71.3375,40.27,82.0,74.0,5.13,PE,1629948121.0
lata,40.1629,-8.3327,42.82,94.0,98.0,0.53,PT,1629948122.0
khani,41.9563,42.9566,41.87,63.0,67.0,2.18,GE,1629948122.0
cabo san lucas,22.8909,-109.9124,49.78,71.0,45.0,2.68,MX,1629947912.0
kantunilkin,21.0917,-87.45,47.51,94.0,12.0,1.55,MX,1629948122.0
vao,-22.6667,167.4833,44.05,77.0,45.0,6.15,NC,1629948123.0
cherskiy,68.75,161.3,37.22,62.0,94.0,5.13,RU,1629948123.0
jaggayyapeta,16.9,80.1,48.69,67.0,100.0,2.02,IN,1629948124.0
bethel,41.3712,-73.414,45.95,87.0,1.0,0.0,US,1629948124.0
souillac,-20.5167,57.5167,42.91,94.0,40.0,2.57,MU,1629948124.0
saldanha,-33.0117,17.9442,39.24,94.0,74.0,8.8,ZA,1629948125.0
bay roberts,47.5999,-53.2648,40.13,86.0,100.0,2.68,CA,1629948126.0
chuy,-33.6971,-53.4616,37.94,86.0,98.0,4.2,UY,1629948127.0
hasaki,35.7333,140.8333,50.46,75.0,100.0,2.32,JP,1629948127.0
kaitangata,-46.2817,169.8464,38.99,72.0,100.0,3.7,NZ,1629948127.0
tasiilaq,65.6145,-37.6368,37.05,97.0,91.0,2.09,GL,1629948127.0
lodja,-3.4833,23.4333,44.06,77.0,1.0,0.9,CD,1629948128.0
cap malheureux,-19.9842,57.6142,42.94,74.0,0.0,2.24,MU,1629948128.0
butaritari,3.0707,172.7902,48.04,71.0,96.0,6.9,KI,1629948129.0
kiama,-34.6833,150.8667,41.99,56.0,66.0,5.46,AU,1629948129.0
broome,42.2506,-75.833,45.79,83.0,43.0,1.39,US,1629948129.0
grindavik,63.8424,-22.4338,39.76,100.0,90.0,5.14,IS,1629948129.0
paamiut,61.994,-49.6678,35.89,91.0,100.0,2.64,GL,1629948130.0
faya,18.3851,42.4509,42.59,39.0,5.0,1.94,SA,1629948130.0
campbell river,50.0163,-125.2446,44.08,80.0,90.0,2.06,CA,1629948131.0
lompoc,34.6391,-120.4579,43.14,86.0,1.0,3.6,US,1629948131.0
kologriv,58.8275,44.3178,36.48,93.0,42.0,1.19,RU,1629948131.0
kitangari,-10.65,39.3333,41.01,97.0,52.0,0.61,TZ,1629948131.0
mae chan,20.1467,99.8526,48.01,87.0,95.0,0.9,TH,1629948132.0
unity,52.4501,-109.1682,37.94,58.0,0.0,4.13,CA,1629948132.0
havre-saint-pierre,50.2334,-63.5986,41.56,88.0,90.0,1.54,CA,1629948132.0
redmond,47.674,-122.1215,43.42,63.0,100.0,0.89,US,1629948059.0
svetlyy,54.675,20.1347,39.24,92.0,97.0,4.86,RU,1629948133.0
pangnirtung,66.1451,-65.7125,33.76,98.0,100.0,3.44,CA,1629948133.0
miri,4.4148,114.0089,48.16,65.0,40.0,2.06,MY,1629948133.0
beaufort,5.3473,115.7455,47.05,70.0,95.0,1.6,MY,1629948134.0
oussouye,12.485,-16.5469,45.39,89.0,100.0,2.64,SN,1629948134.0
geraldton,-28.7667,114.6,42.68,63.0,75.0,6.69,AU,1629948134.0
vanavara,60.34,102.2797,42.04,51.0,22.0,2.98,RU,1629948135.0
hithadhoo,-0.6,73.0833,47.62,69.0,4.0,3.24,MV,1629948135.0
viking,53.1001,-111.7684,40.88,57.0,3.0,3.69,CA,1629948136.0
karratha,-20.7377,116.8463,48.41,27.0,0.0,3.11,AU,1629948136.0
mookane,-23.688,26.6595,41.4,70.0,35.0,4.43,BW,1629948136.0
margate,51.3813,1.3862,41.04,86.0,100.0,2.68,GB,1629948137.0
pingliang,35.5392,106.6861,44.78,30.0,100.0,1.72,CN,1629948137.0
bitung,1.4451,125.1824,50.59,74.0,99.0,3.42,ID,1629948137.0
clyde river,70.4692,-68.5914,34.43,81.0,98.0,1.95,CA,1629948138.0
sao joao da barra,-21.6403,-41.0511,44.5,81.0,0.0,12.17,BR,1629948138.0
san cristobal,7.7669,-72.225,42.68,98.0,100.0,1.15,VE,1629948139.0
kavaratti,10.5669,72.642,47.42,76.0,99.0,7.66,IN,1629948139.0
mayo,38.8876,-76.5119,47.43,85.0,1.0,0.45,US,1629948139.0
ormara,25.2088,64.6357,46.67,86.0,98.0,8.4,PK,1629948140.0
verkhnevilyuysk,63.4453,120.3167,41.01,83.0,98.0,4.78,RU,1629948140.0
amga,60.8953,131.9608,43.48,42.0,91.0,2.82,RU,1629948140.0
vostok,46.4856,135.8833,44.02,70.0,45.0,3.14,RU,1629948141.0
hami,42.8,93.45,47.28,15.0,89.0,5.43,CN,1629948141.0
lorengau,-2.0226,147.2712,47.61,77.0,100.0,4.04,PG,1629948141.0
praia,14.9215,-23.5087,46.61,89.0,75.0,1.03,CV,1629948142.0
goderich,43.7501,-81.7165,45.99,83.0,35.0,4.12,CA,1629947891.0
asau,46.4333,26.4,39.95,98.0,100.0,0.49,RO,1629948142.0
bengkulu,-3.8004,102.2655,48.01,66.0,40.0,2.16,ID,1629948142.0
arboledas,7.6423,-72.7994,43.57,92.0,100.0,1.22,CO,1629948143.0
rodrigues alves,-7.738,-72.6509,47.59,52.0,60.0,1.13,BR,1629948143.0
turukhansk,65.8167,87.9833,38.11,58.0,98.0,0.87,RU,1629948143.0
jumla,29.2747,82.1838,43.57,81.0,100.0,1.33,NP,1629947712.0
superior,46.7208,-92.1041,42.99,72.0,1.0,2.06,US,1629948144.0
mabaruma,8.2,-59.7833,45.26,95.0,9.0,1.38,GY,1629948144.0
calvia,39.5657,2.5062,43.71,76.0,9.0,0.35,ES,1629948144.0
kulhudhuffushi,6.6221,73.07,47.69,76.0,83.0,9.44,MV,1629948144.0
pasighat,28.0667,95.3333,45.44,100.0,100.0,1.13,IN,1629948145.0
mahibadhoo,3.7833,72.9667,47.39,78.0,98.0,7.43,MV,1629948145.0
namatanai,-3.6667,152.4333,48.47,65.0,46.0,3.82,PG,1629948146.0
potsdam,52.3989,13.0657,40.24,95.0,59.0,4.66,DE,1629948146.0
tiznit,29.5833,-9.5,43.0,71.0,0.0,0.56,MA,1629948146.0
yar-sale,66.8333,70.8333,35.5,96.0,100.0,11.55,RU,1629948147.0
port hedland,-20.3167,118.5667,49.24,12.0,0.0,4.12,AU,1629948147.0
matipo,-20.2839,-42.3411,40.53,70.0,0.0,1.89,BR,1629948147.0
victoria,22.2855,114.1577,49.79,76.0,57.0,0.45,HK,1629947904.0
abu zabad,12.35,29.25,45.02,81.0,58.0,0.58,SD,1629948148.0
harper,4.375,-7.7169,45.56,90.0,100.0,3.69,LR,1629948148.0
tunceli,39.1083,39.5471,42.64,27.0,0.0,1.67,TR,1629948148.0
biskamzha,53.4497,89.5272,42.23,48.0,27.0,4.06,RU,1629948148.0
olinda,-8.0089,-34.8553,45.25,73.0,40.0,5.14,BR,1629948149.0
kerema,-7.9631,145.7785,47.51,76.0,79.0,4.91,PG,1629948149.0
labelle,26.7617,-81.4384,46.81,88.0,16.0,4.0,US,1629948149.0
zabaykalsk,49.6333,117.3167,39.68,88.0,100.0,4.66,RU,1629948150.0
castro,-24.7911,-50.0119,44.44,35.0,95.0,2.89,BR,1629948150.0
iowa city,41.6611,-91.5302,46.24,84.0,1.0,0.0,US,1629948150.0
rio grande,-32.035,-52.0986,39.08,94.0,100.0,7.49,BR,1629948151.0
killarney,52.05,-9.5167,39.39,93.0,9.0,1.0,IE,1629947891.0
simiti,7.9579,-73.9436,46.13,87.0,100.0,1.27,CO,1629948151.0
novo aripuana,-5.1206,-60.3797,46.41,54.0,19.0,1.21,BR,1629948151.0
along,28.1667,94.7667,45.07,99.0,100.0,0.69,IN,1629948152.0
yenagoa,4.9247,6.2642,45.14,96.0,80.0,1.38,NG,1629948152.0
varhaug,58.6147,5.6457,39.08,75.0,1.0,2.82,NO,1629948152.0
stroud,51.75,-2.2,40.96,87.0,91.0,1.84,GB,1629947908.0
kysyl-syr,63.8986,122.7617,40.61,87.0,98.0,4.49,RU,1629948153.0
yambio,4.5721,28.3955,42.26,93.0,49.0,0.86,SS,1629948153.0
mount gambier,-37.8333,140.7667,38.35,62.0,100.0,3.89,AU,1629948153.0
anadyr,64.75,177.4833,39.38,58.0,40.0,9.0,RU,1629948154.0
chokurdakh,70.6333,147.9167,38.65,62.0,80.0,3.08,RU,1629948154.0
sangin,32.0728,64.8359,47.5,13.0,0.0,2.58,AF,1629948154.0
omboue,-1.5746,9.2618,45.49,86.0,100.0,3.51,GA,1629948155.0
ilulissat,69.2167,-51.1,35.89,81.0,40.0,3.09,GL,1629948155.0
caravelas,-17.7125,-39.2481,44.31,83.0,33.0,3.31,BR,1629948155.0
salalah,17.0151,54.0924,46.47,94.0,90.0,3.6,OM,1629948156.0
meulaboh,4.1363,96.1285,47.28,73.0,66.0,0.55,ID,1629948156.0
lagoa,39.05,-27.9833,43.46,66.0,70.0,6.82,PT,1629948156.0
saint george,37.1041,-113.5841,51.95,19.0,1.0,0.45,US,1629948157.0
dunedin,-45.8742,170.5036,39.96,63.0,100.0,1.79,NZ,1629948157.0
vanimo,-2.6741,141.3028,46.91,82.0,100.0,1.66,PG,1629948157.0
port lincoln,-34.7333,135.8667,39.01,52.0,41.0,5.04,AU,1629948158.0
aykhal,66.0,111.5,36.16,90.0,100.0,6.71,RU,1629948158.0
bathsheba,13.2167,-59.5167,47.19,74.0,20.0,6.69,BB,1629948158.0
sorland,67.667,12.6934,38.48,82.0,53.0,3.76,NO,1629948159.0
fortuna,40.5982,-124.1573,40.99,66.0,1.0,0.45,US,1629948159.0
port hardy,50.6996,-127.4199,39.28,94.0,90.0,1.03,CA,1629948160.0
grants,35.1473,-107.8514,45.96,20.0,1.0,0.0,US,1629948161.0
muroto,33.2833,134.15,47.57,85.0,100.0,4.52,JP,1629948161.0
mehamn,71.0357,27.8492,35.32,93.0,0.0,3.09,NO,1629948161.0
marijampole,54.5667,23.35,38.69,81.0,100.0,6.71,LT,1629948162.0
tucupita,9.0622,-62.051,45.18,94.0,29.0,1.77,VE,1629948162.0
tokur,53.1333,132.9,45.15,50.0,18.0,0.96,RU,1629948162.0
barahona,18.2085,-71.1008,46.36,81.0,100.0,2.56,DO,1629948163.0
sao filipe,14.8961,-24.4956,46.16,86.0,100.0,1.3,CV,1629948164.0
lasa,46.6166,10.7002,40.61,88.0,13.0,1.8,IT,1629948164.0
dom pedro,-4.4833,-44.45,44.37,97.0,100.0,1.25,BR,1629948165.0
ukiah,39.1502,-123.2078,46.41,21.0,1.0,1.54,US,1629947968.0
saint-joseph,-21.3667,55.6167,41.02,72.0,16.0,3.68,RE,1629948165.0
linguere,15.3953,-15.1193,45.4,94.0,0.0,3.09,SN,1629948165.0
flinders,-34.5833,150.8552,41.93,56.0,59.0,1.79,AU,1629948166.0
atar,20.5169,-13.0499,51.96,22.0,60.0,2.44,MR,1629948148.0
pandamatenga,-18.5278,25.627,41.39,43.0,0.0,2.57,BW,1629948166.0
coihaique,-45.5752,-72.0662,32.54,80.0,75.0,1.54,CL,1629948166.0
san patricio,28.017,-97.5169,48.69,65.0,3.0,3.42,US,1629948167.0
cerritos,33.8583,-118.0648,49.9,68.0,20.0,1.79,US,1629948167.0
coquimbo,-29.9533,-71.3436,38.58,71.0,0.0,1.03,CL,1629947937.0
makat,47.6469,53.3463,46.71,36.0,0.0,1.99,KZ,1629948167.0
nanakuli,21.3906,-158.1547,48.65,52.0,20.0,5.66,US,1629948168.0
malanje,-9.5402,16.341,44.18,66.0,66.0,1.51,AO,1629948168.0
shemonaikha,50.6328,81.9056,45.19,43.0,0.0,0.78,KZ,1629948169.0
qingdao,36.0986,120.3719,47.99,51.0,0.0,5.0,CN,1629948125.0
college,64.8569,-147.8028,39.89,91.0,90.0,0.0,US,1629948169.0
guerrero negro,27.9769,-114.0611,45.04,77.0,69.0,6.45,MX,1629948169.0
la ronge,55.1001,-105.2842,40.41,51.0,1.0,2.57,CA,1629948170.0
wuhu,31.3366,118.3755,49.19,65.0,100.0,2.0,CN,1629948170.0
madang,-5.2246,145.7966,48.35,66.0,97.0,2.76,PG,1629948170.0
kruisfontein,-34.0033,24.7314,40.92,22.0,19.0,4.78,ZA,1629948171.0
nome,64.5011,-165.4064,35.91,71.0,90.0,8.23,US,1629948171.0
verkhnyaya inta,65.9811,60.3094,36.47,97.0,100.0,3.3,RU,1629948171.0
preobrazheniye,42.9019,133.9064,44.07,78.0,76.0,2.37,RU,1629948172.0
faanui,-16.4833,-151.75,46.37,69.0,17.0,5.8,PF,1629948172.0
vardo,70.3705,31.1107,34.84,83.0,19.0,3.26,NO,1629948172.0
bilma,18.6853,12.9164,49.85,35.0,48.0,1.46,NE,1629948172.0
gweta,-20.1833,25.2333,42.13,36.0,1.0,4.72,BW,1629948173.0
aitape,-3.1374,142.3475,47.42,74.0,100.0,2.33,PG,1629948173.0
santa rosa,14.3122,121.1114,48.08,78.0,99.0,3.84,PH,1629948173.0
nabire,-3.3667,135.4833,48.15,68.0,100.0,1.29,ID,1629948174.0
dudinka,69.4058,86.1778,35.86,89.0,100.0,1.65,RU,1629948174.0
ust-kan,50.9276,84.761,42.57,61.0,0.0,1.0,RU,1629948174.0
gumla,23.05,84.55,46.71,76.0,100.0,2.5,IN,1629948175.0
praia da vitoria,38.7333,-27.0667,44.86,73.0,40.0,4.89,PT,1629948175.0
marawi,7.9986,124.2928,45.16,64.0,100.0,1.51,PH,1629948175.0
saint-pierre,-21.3393,55.4781,41.35,61.0,0.0,4.12,RE,1629948176.0
talnakh,69.4865,88.3972,35.77,95.0,100.0,2.09,RU,1629948176.0
belmopan,17.25,-88.7667,47.89,99.0,98.0,1.0,BZ,1629948176.0
daru,-9.0763,143.2092,46.04,89.0,93.0,6.21,PG,1629948177.0
bosaso,11.2842,49.1816,49.69,45.0,100.0,11.37,SO,1629948177.0
klaksvik,62.2266,-6.589,38.39,96.0,100.0,1.5,FO,1629948177.0
kaeo,-35.1,173.7833,41.05,67.0,88.0,5.56,NZ,1629948177.0
wuan,31.6836,112.0044,42.5,97.0,100.0,2.14,CN,1629948178.0
bilibino,68.0546,166.4372,36.73,63.0,71.0,7.4,RU,1629948178.0
aklavik,68.2191,-135.0107,40.0,82.0,100.0,4.35,CA,1629948178.0
sebinkarahisar,40.2883,38.4236,41.36,72.0,58.0,0.27,TR,1629948179.0
dingle,10.9995,122.6711,46.32,85.0,100.0,4.27,PH,1629948179.0
annau,37.8876,58.516,47.4,28.0,0.0,2.06,TM,1629948179.0
flin flon,54.7682,-101.865,38.48,55.0,4.0,2.77,CA,1629947891.0
vestmannaeyjar,63.4427,-20.2734,39.09,97.0,100.0,10.83,IS,1629948180.0
boende,-0.2167,20.8667,44.48,78.0,0.0,1.26,CD,1629948180.0
srednekolymsk,67.45,153.6833,40.68,45.0,12.0,0.75,RU,1629948180.0
qiongshan,20.0058,110.3542,49.77,70.0,40.0,4.0,CN,1629948181.0
pekan,3.4836,103.3996,48.7,62.0,100.0,2.31,MY,1629948181.0
gritsovskiy,54.1376,38.1604,39.41,91.0,99.0,3.65,RU,1629948181.0
minab,27.1467,57.0801,49.62,58.0,0.0,1.18,IR,1629948182.0
wiarton,44.7407,-81.1332,44.33,94.0,20.0,2.06,CA,1629948182.0
ornskoldsvik,63.2909,18.7153,37.5,100.0,90.0,6.17,SE,1629948182.0
carutapera,-1.195,-46.02,45.47,93.0,83.0,1.65,BR,1629948183.0
frontera,26.9333,-101.45,48.65,59.0,8.0,4.99,MX,1629948183.0
demba,-5.51,22.2667,44.23,69.0,8.0,0.55,CD,1629948184.0
nalut,30.3333,10.85,46.54,26.0,0.0,4.75,LY,1629948184.0
mata,40.683,-7.4592,41.86,77.0,98.0,0.69,PT,1629948184.0
beni,0.5,29.4667,41.07,86.0,0.0,0.76,CD,1629948184.0
ashta,23.0167,76.7167,45.39,86.0,100.0,6.02,IN,1629948185.0
buraydah,26.326,43.975,47.14,18.0,2.0,1.24,SA,1629948185.0
srandakan,-7.9386,110.2506,47.11,59.0,60.0,5.98,ID,1629948185.0
kawalu,-7.3817,108.2082,45.88,74.0,76.0,2.5,ID,1629948186.0
kirakira,-10.4544,161.9205,48.18,64.0,19.0,5.75,SB,1629948186.0
dondo,-19.6094,34.7431,42.96,97.0,15.0,1.33,MZ,1629948186.0
san-pedro,4.7485,-6.6363,45.13,92.0,99.0,2.22,CI,1629948187.0
robertson,36.5167,-86.8667,46.43,83.0,75.0,0.0,US,1629948187.0
avera,33.194,-82.5271,46.42,82.0,38.0,2.93,US,1629948187.0
swan hill,-35.3378,143.5544,40.17,37.0,4.0,2.36,AU,1629948188.0
les herbiers,46.8667,-1.0167,40.02,74.0,55.0,4.02,FR,1629948188.0
mbumi,-7.9058,39.2105,42.56,89.0,0.0,0.74,TZ,1629948188.0
prince albert,53.2001,-105.7677,38.09,82.0,20.0,0.0,CA,1629947943.0
kenai,60.5544,-151.2583,39.81,88.0,20.0,8.75,US,1629948030.0
bambous virieux,-20.3428,57.7575,42.87,94.0,40.0,2.57,MU,1629948189.0
putina,-15.4667,-69.4333,35.36,78.0,22.0,4.66,PE,1629948189.0
batamshinskiy,50.5594,58.2747,44.22,37.0,56.0,3.49,KZ,1629948189.0
saint anthony,45.0205,-93.218,44.32,67.0,1.0,0.0,US,1629947968.0
inirida,3.8653,-67.9239,45.46,90.0,55.0,1.44,CO,1629948190.0
khromtau,50.2503,58.4347,45.38,35.0,100.0,3.25,KZ,1629948190.0
bairiki,1.3292,172.9752,48.11,79.0,75.0,6.17,KI,1629948190.0
kijang,35.2442,129.2139,49.69,65.0,16.0,2.6,KR,1629948191.0
nelson bay,-32.7167,152.15,42.42,58.0,79.0,0.89,AU,1629948191.0
mikkeli,61.6886,27.2723,38.22,100.0,90.0,2.57,FI,1629948191.0
esperance,-33.8667,121.9,41.14,69.0,5.0,4.96,AU,1629948192.0
leningradskiy,69.3833,178.4167,32.5,90.0,99.0,10.16,RU,1629948192.0
ribeira grande,38.5167,-28.7,43.62,69.0,99.0,6.6,PT,1629948192.0
alofi,-19.0595,-169.9187,44.19,60.0,40.0,7.2,NU,1629948193.0
jalu,29.0331,21.5482,45.88,52.0,0.0,2.76,LY,1629948193.0
ous,60.9058,61.5186,40.27,97.0,100.0,1.46,RU,1629948193.0
pachino,36.7186,15.0907,46.07,78.0,2.0,3.93,IT,1629948194.0
banyo,6.75,11.8167,41.61,96.0,100.0,1.18,CM,1629948194.0
novobirilyussy,56.9514,90.6661,44.02,59.0,15.0,1.09,RU,1629948194.0
anastasiyevskaya,45.2158,37.8926,43.26,73.0,0.0,2.23,RU,1629948195.0
portland,45.5234,-122.6762,44.77,57.0,75.0,1.79,US,1629948052.0
luancheng,37.8792,114.6517,48.16,42.0,68.0,2.75,CN,1629948196.0
wageningen,51.9667,5.6667,40.92,89.0,90.0,2.57,NL,1629948196.0
sheltozero,61.3667,35.3667,38.56,82.0,100.0,4.99,RU,1629948197.0
oriximina,-1.7656,-55.8661,45.64,79.0,82.0,1.49,BR,1629948197.0
kichmengskiy gorodok,59.9816,45.7854,36.4,96.0,50.0,1.39,RU,1629948197.0
nizhnevartovsk,60.9344,76.5531,43.67,88.0,0.0,2.0,RU,1629948198.0
anori,-3.7728,-61.6442,46.03,57.0,24.0,1.63,BR,1629948198.0
surt,31.2089,16.5887,45.61,68.0,0.0,3.59,LY,1629948199.0
izazi,-7.2,35.7333,41.93,67.0,0.0,1.44,TZ,1629948200.0
tabuk,17.4189,121.4443,48.73,62.0,10.0,1.69,PH,1629948200.0
san antonio,29.4241,-98.4936,48.97,68.0,1.0,2.06,US,1629948200.0
kununurra,-15.7667,128.7333,49.99,11.0,12.0,5.09,AU,1629948201.0
grand gaube,-20.0064,57.6608,42.92,74.0,0.0,2.24,MU,1629948201.0
qandala,11.472,49.8728,49.33,60.0,100.0,2.55,SO,1629948201.0
nantucket,41.2835,-70.0995,45.26,93.0,20.0,2.57,US,1629948202.0
buenaventura,3.8801,-77.0312,41.54,94.0,100.0,0.7,CO,1629948202.0
bandarbeyla,9.4942,50.8122,46.18,79.0,75.0,10.93,SO,1629948202.0
victor harbor,-35.5667,138.6167,39.69,51.0,100.0,3.69,AU,1629948202.0
taldan,53.6667,124.8,41.45,72.0,100.0,2.75,RU,1629948203.0
belaya gora,68.5333,146.4167,41.68,40.0,19.0,4.29,RU,1629948203.0
baherden,38.4362,57.4316,49.86,18.0,0.0,1.1,TM,1629948203.0
plainview,40.7765,-73.4673,47.7,80.0,20.0,0.45,US,1629948204.0
maldonado,-34.6667,-54.9167,35.14,85.0,91.0,1.11,UY,1629948048.0
kupino,54.3663,77.2981,43.78,56.0,0.0,5.34,RU,1629948204.0
ahipara,-35.1667,173.1667,41.01,64.0,99.0,6.52,NZ,1629948189.0
kirensk,57.7853,108.1119,42.88,50.0,9.0,3.01,RU,1629948204.0
tiksi,71.6872,128.8694,37.51,93.0,100.0,3.58,RU,1629948205.0
brasilia de minas,-16.2064,-44.4333,42.76,39.0,19.0,2.44,BR,1629948205.0
ambon,-3.6954,128.1814,48.16,79.0,40.0,3.09,ID,1629948205.0
san policarpo,12.1791,125.5072,46.04,89.0,100.0,3.1,PH,1629948206.0
verkhnyaya toyma,62.2349,44.9985,36.44,95.0,97.0,1.69,RU,1629948206.0
xuddur,4.1213,43.8894,43.88,82.0,28.0,7.95,SO,1629948206.0
hamakita,34.8,137.7833,50.72,76.0,100.0,4.91,JP,1629948207.0
dongying,37.4564,118.4856,47.86,47.0,75.0,4.11,CN,1629948207.0
horadiz,39.4488,47.3353,43.91,65.0,0.0,0.75,AZ,1629948207.0
akdepe,42.0551,59.3788,45.89,32.0,5.0,4.14,TM,1629948208.0
tura,25.5198,90.2201,45.15,98.0,100.0,2.16,IN,1629948208.0
putyatino,54.16,41.1169,40.08,80.0,100.0,5.06,RU,1629948208.0
baykit,61.67,96.37,41.77,49.0,25.0,2.23,RU,1629948208.0
chapada dos guimaraes,-15.4606,-55.7497,46.89,29.0,35.0,1.83,BR,1629948209.0
hokitika,-42.7167,170.9667,38.72,84.0,100.0,3.83,NZ,1629948209.0
pisco,-13.7,-76.2167,41.27,77.0,88.0,3.09,PE,1629948210.0
seymchan,62.8833,152.4333,38.8,92.0,100.0,1.07,RU,1629948210.0
sinnamary,5.3833,-52.95,46.33,85.0,47.0,2.98,GF,1629948210.0
kupang,-10.1667,123.5833,49.96,45.0,20.0,9.26,ID,1629948211.0
nampula,-15.1165,39.2666,42.54,88.0,0.0,1.03,MZ,1629948211.0
khandyga,62.6667,135.6,40.84,64.0,100.0,3.04,RU,1629948211.0
padang,-0.9492,100.3543,48.18,64.0,96.0,0.87,ID,1629948212.0
orebro,59.2741,15.2066,38.72,76.0,75.0,8.75,SE,1629948212.0
thinadhoo,0.5333,72.9333,47.44,73.0,29.0,4.8,MV,1629948212.0
ambunti,-4.2365,142.8448,49.4,60.0,91.0,1.29,PG,1629948213.0
souris,49.6172,-100.2612,39.33,81.0,44.0,3.5,CA,1629948213.0
iqaluit,63.7506,-68.5145,35.81,76.0,75.0,6.69,CA,1629948213.0
batemans bay,-35.7167,150.1833,40.92,55.0,100.0,4.16,AU,1629948165.0
jabinyanah,35.035,10.9081,48.05,62.0,67.0,1.86,TN,1629948214.0
inhambane,-23.865,35.3833,40.88,100.0,20.0,1.54,MZ,1629948214.0
goure,13.9835,10.2704,44.97,66.0,100.0,0.89,NE,1629948215.0
igrim,63.1906,64.4162,40.21,97.0,100.0,4.78,RU,1629948215.0
rosetta,31.4044,30.4164,46.39,73.0,0.0,4.53,EG,1629948215.0
peniche,39.3558,-9.3811,42.95,86.0,63.0,2.56,PT,1629948216.0
nuevo progreso,23.1667,-97.95,47.0,74.0,7.0,0.45,MX,1629948216.0
rock sound,24.9,-76.2,47.67,76.0,7.0,7.95,BS,1629948216.0
nagato,34.3833,131.2,48.81,79.0,98.0,7.12,JP,1629948217.0
kishtwar,33.3167,75.7667,44.56,77.0,46.0,0.42,IN,1629948217.0
half moon bay,37.4636,-122.4286,44.17,83.0,1.0,6.17,US,1629948217.0
rovaniemi,66.5,25.7167,36.26,87.0,90.0,3.6,FI,1629948217.0
komsomolskiy,40.4272,71.7189,47.78,20.0,1.0,1.03,UZ,1629948218.0
elat,29.5581,34.9482,48.06,51.0,0.0,6.17,IL,1629948218.0
karoi,-16.8099,29.6925,40.41,44.0,0.0,3.34,ZW,1629948218.0
anju,39.6178,125.6647,46.86,73.0,98.0,4.27,KP,1629948219.0
qiyang,26.5911,111.8474,48.52,71.0,99.0,0.07,CN,1629948219.0
ibra,22.6906,58.5334,47.43,62.0,0.0,2.44,OM,1629948219.0
bulgan,48.8125,103.5347,37.62,73.0,98.0,2.64,MN,1629948220.0
aksu,41.1231,80.2644,46.02,30.0,0.0,1.1,CN,1629948220.0
atasu,48.6814,71.6433,44.78,32.0,62.0,5.45,KZ,1629948220.0
maun,-19.9833,23.4167,41.99,48.0,0.0,2.57,BW,1629948221.0
madingou,-4.1536,13.55,45.61,71.0,33.0,2.36,CG,1629948221.0
santa cruz,-17.8,-63.1667,42.13,55.0,96.0,7.6,BO,1629948221.0
airai,-8.9266,125.4092,45.21,47.0,75.0,2.51,TL,1629948222.0
saintes,45.6667,-0.75,40.81,77.0,13.0,3.67,FR,1629948222.0
payo,-3.7508,103.6372,48.52,56.0,15.0,1.89,ID,1629948222.0
nishihara,26.1842,127.7558,49.56,71.0,20.0,4.12,JP,1629948222.0
kaoma,-14.7833,24.8,40.17,39.0,3.0,2.39,ZM,1629948223.0
puerto cabezas,14.0351,-83.3888,46.06,88.0,100.0,3.73,NI,1629948223.0
henties bay,-22.116,14.2845,39.36,85.0,2.0,1.15,NA,1629948224.0
conceicao do araguaia,-8.2578,-49.2647,47.04,65.0,0.0,0.51,BR,1629948224.0
sadasivpet,17.6212,77.9503,45.03,75.0,100.0,4.18,IN,1629948224.0
neyshabur,36.2133,58.7958,45.26,22.0,0.0,0.75,IR,1629948224.0
montrose,38.4166,-108.2673,41.82,21.0,0.0,3.16,US,1629948152.0
manta,-0.95,-80.7333,44.16,88.0,75.0,4.12,EC,1629948015.0
cockburn town,21.4612,-71.1419,47.36,81.0,99.0,8.71,TC,1629948225.0
lovozero,68.005,35.0117,35.8,76.0,100.0,1.52,RU,1629948225.0
quilpue,-33.045,-71.4494,36.47,81.0,0.0,2.06,CL,1629948226.0
guanica,17.9716,-66.908,47.13,81.0,55.0,0.89,PR,1629948226.0
jagalur,14.5333,76.35,45.53,76.0,98.0,5.28,IN,1629948226.0
talcahuano,-36.7167,-73.1167,38.01,87.0,90.0,4.12,CL,1629948227.0
skibbereen,51.55,-9.2667,39.72,93.0,10.0,2.8,IE,1629948227.0
natal,-5.795,-35.2094,44.84,94.0,20.0,3.09,BR,1629947962.0
jingdezhen,29.2947,117.2079,49.81,64.0,93.0,0.33,CN,1629948227.0
crotone,39.0851,17.1178,45.91,74.0,12.0,2.98,IT,1629948228.0
shellbrook,53.2168,-106.4011,37.87,55.0,21.0,2.88,CA,1629947991.0
byron bay,-28.65,153.6167,43.44,49.0,5.0,2.28,AU,1629947835.0
plouzane,48.3833,-4.6167,39.81,94.0,0.0,3.6,FR,1629948228.0
aswan,24.0934,32.907,47.34,26.0,0.0,3.09,EG,1629948228.0
nsanje,-16.92,35.262,43.27,81.0,0.0,1.94,MW,1629948229.0
bucyrus,40.8084,-82.9755,45.13,90.0,4.0,1.11,US,1629948229.0
muros,42.7762,-9.0603,42.8,94.0,86.0,0.58,ES,1629948229.0
shaunavon,49.6501,-108.4181,38.6,55.0,100.0,3.8,CA,1629948230.0
te anau,-45.4167,167.7167,37.78,88.0,100.0,2.08,NZ,1629948230.0
petropavlovsk-kamchatskiy,53.0452,158.6483,43.85,64.0,0.0,5.0,RU,1629948230.0
namie,37.4833,141.0,51.05,63.0,99.0,1.55,JP,1629948231.0
gao,16.6362,1.637,47.02,65.0,61.0,6.11,ML,1629948231.0
cabedelo,-6.9811,-34.8339,44.98,85.0,10.0,4.75,BR,1629948231.0
nuevo laredo,27.4763,-99.5164,49.77,62.0,1.0,4.63,MX,1629948232.0
kitami,43.8031,143.8908,47.39,70.0,50.0,3.09,JP,1629948232.0
cortez,37.3489,-108.5859,44.81,39.0,1.0,0.0,US,1629948232.0
peleduy,59.6289,112.7406,39.7,82.0,100.0,3.65,RU,1629948233.0
maniitsoq,65.4167,-52.9,35.33,90.0,100.0,3.97,GL,1629948233.0
kibala,9.1104,18.3463,45.87,94.0,20.0,0.0,TD,1629948233.0
halmstad,56.6745,12.8568,39.68,81.0,20.0,5.66,SE,1629948234.0
guarapari,-20.6667,-40.4975,44.19,88.0,0.0,5.67,BR,1629948234.0
rancho palos verdes,33.7445,-118.387,48.87,79.0,20.0,1.79,US,1629948137.0
okhotsk,59.3833,143.3,40.03,93.0,100.0,1.77,RU,1629948234.0
ekhabi,53.5102,142.9671,42.37,79.0,100.0,3.5,RU,1629948235.0
ixtapa,20.7,-105.2,48.12,89.0,90.0,0.0,MX,1629948235.0
trincomalee,8.5711,81.2335,47.86,69.0,47.0,8.79,LK,1629948235.0
itarema,-2.9248,-39.9167,46.53,79.0,84.0,7.85,BR,1629948236.0
staraya mayna,54.6,48.95,39.81,60.0,37.0,3.12,RU,1629948236.0
homer,59.6425,-151.5483,39.19,91.0,75.0,2.06,US,1629948236.0
haines junction,60.7522,-137.5108,38.65,71.0,100.0,1.54,CA,1629948237.0
yeppoon,-23.1333,150.7333,45.27,48.0,22.0,3.22,AU,1629948237.0
nola,40.922,14.5329,45.75,77.0,89.0,0.51,IT,1629948237.0
svetlogorsk,52.6333,29.7333,39.04,97.0,96.0,1.77,BY,1629948238.0
atikokan,48.7555,-91.6216,38.87,74.0,0.0,2.1,CA,1629948238.0
kashi,39.4547,75.9797,46.88,33.0,34.0,3.0,CN,1629948238.0
la palma,33.8464,-118.0467,49.91,66.0,20.0,1.79,US,1629948239.0
coos bay,43.3665,-124.2179,41.44,77.0,1.0,3.09,US,1629948239.0
teknaf,20.8624,92.3058,47.52,83.0,100.0,3.74,BD,1629948239.0
chicama,-7.8447,-79.1469,41.44,88.0,99.0,3.78,PE,1629948240.0
ghanzi,-21.5667,21.7833,43.49,34.0,80.0,3.71,BW,1629948240.0
mogadishu,2.0371,45.3438,45.75,84.0,54.0,7.64,SO,1629948240.0
sioux lookout,50.1001,-91.917,39.34,76.0,40.0,3.6,CA,1629948229.0
nanyamba,-10.6833,39.8333,41.14,98.0,13.0,1.09,TZ,1629948241.0
guane,22.2025,-84.0875,46.48,76.0,94.0,4.13,CU,1629948241.0
auki,-8.7676,160.7034,48.6,61.0,95.0,1.75,SB,1629948241.0
bagarji,27.756,68.7524,47.56,74.0,8.0,4.12,PK,1629948242.0
penzance,50.1186,-5.5371,39.95,84.0,0.0,4.44,GB,1629948242.0
belmonte,-15.8631,-38.8828,43.82,87.0,32.0,3.51,BR,1629948242.0
tarakan,3.3,117.6333,49.07,70.0,40.0,2.57,ID,1629948242.0
senador pompeu,-5.5881,-39.3717,46.35,65.0,65.0,3.01,BR,1629948243.0
banamba,13.55,-7.45,45.28,80.0,100.0,3.4,ML,1629948243.0
adrar,20.5022,-10.0711,49.98,21.0,10.0,4.21,MR,1629948243.0
murray bridge,-35.1167,139.2667,39.61,49.0,96.0,3.43,AU,1629948244.0
birao,10.2849,22.7882,43.46,95.0,100.0,2.29,CF,1629948244.0
lesosibirsk,58.2358,92.4828,43.3,79.0,61.0,1.33,RU,1629948244.0
nikolayevka,53.1257,47.2041,39.35,56.0,26.0,2.08,RU,1629948245.0
marzuq,14.4,46.4667,46.09,57.0,14.0,2.35,YE,1629948245.0
hare bay,48.8499,-54.0148,37.91,91.0,78.0,1.05,CA,1629948246.0
humaita,-7.5061,-63.0208,47.04,49.0,100.0,1.51,BR,1629948246.0
mazatan,14.8667,-92.45,45.36,100.0,75.0,1.54,MX,1629948246.0
yanaul,56.2719,54.9309,39.86,88.0,77.0,4.09,RU,1629948247.0
kroya,-7.6331,109.2461,47.13,65.0,95.0,5.48,ID,1629948247.0
hereford,52.0568,-2.7148,40.88,69.0,41.0,2.01,GB,1629948247.0
labuhan,-6.8844,112.2051,48.54,53.0,45.0,1.86,ID,1629948247.0
vallenar,-28.5708,-70.7581,39.2,63.0,0.0,1.63,CL,1629948248.0
chinsali,-10.5414,32.0816,40.18,65.0,0.0,2.08,ZM,1629948248.0
korla,41.7597,86.1469,47.53,20.0,79.0,3.16,CN,1629948248.0
honiara,-9.4333,159.95,48.58,67.0,70.0,4.21,SB,1629948249.0
iralaya,15.0,-83.2333,46.74,82.0,99.0,4.34,HN,1629948249.0
constitucion,-35.3333,-72.4167,36.89,86.0,99.0,1.9,CL,1629948249.0
cayenne,4.9333,-52.3333,47.15,81.0,0.0,0.45,GF,1629948250.0
codrington,-38.2667,141.9667,37.93,78.0,100.0,5.6,AU,1629948250.0
